Company,Trade,Address,City,State,Zip,Letter 1 mailed
Popp Excavating,excavating,10635 S Center Hwy,Traverse City,MI,49684,Yes (Sept 4)
T. Basch Inc. Excavating,excavating,463 W Welch Ct,Traverse City,MI,49686,Yes (Sept 4)
EarthWorks Services LLC,excavating,5107 Highland Dr,Traverse City,MI,49685-9388,Yes (Sept 4)
Bob Thornton Builder/Excavator,excavating,3984 Cedar Run Rd,Traverse City,MI,49684-9687,Yes (Sept 4)
Cornerstone Excavating,excavating,770 N US Highway 31 S,Traverse City,MI,49685-7921,Yes (Sept 4)
Drogt & Sons Excavating Inc,excavating,PO Box 7 861 US Highway 31 N,Kewadin,MI,49648-0007,Yes (Sept 4)
Clovercroft Construction Inc,excavating,7962 Ontonagon Dr,Thompsonville,MI,49683-9385,Yes (Sept 4)
Gillison Excavating Inc,excavating,7704 Cadillac Hwy,Benzonia,MI,49616-9708,Yes (Sept 4)
DEUCES Landscaping & Excavation LLC,excavating,10920 Cassidy Dr,Cadillac,MI,49601-8195,Yes (Sept 4)
Olstrom Excavating & Paving Inc,excavating,256 S Peninsula Rd,East Jordan,MI,49727,Yes (Sept 4)
Great Lakes Excavating,excavating,3724 Barnard Rd,Charlevoix,MI,49720,Yes (Sept 4)
Hugh's Excavating,excavating,4200 Wickersham Rd,Charlevoix,MI,49720,Yes (Sept 4)
Bob Crandell Excavating,excavating,8310 Upper Bay Shore Rd,Charlevoix,MI,49720,Yes (Sept 4)
MDC Contracting LLC,excavating,5481 US Highway 31 S,Charlevoix,MI,49720,Yes (Sept 4)
K & D Swanson Inc,excavating,610 Sheridan St,Charlevoix,MI,49720,Yes (Sept 4)
Whitaker Excavating,excavating,8812 Ellsworth Rd,East Jordan,MI,49727,Yes (Sept 4)
Koteskey Brothers Excavating,excavating,6598 Horton Bay Rd N,Boyne City,MI,49712,Yes (Sept 4)
R & B Excavating,excavating,2355 Wheeler Rd,Boyne City,MI,49712,Yes (Sept 4)
Tim Moyer Excavation,excavating,1126 Contractors Dr,Boyne City,MI,49712,Yes (Sept 4)
Bartlett Excavating Inc,excavating,7610 Fair Rd,East Jordan,MI,49727,Yes (Sept 4)
Heeres Excavating Inc,excavating,9943 Church Rd,Ellsworth,MI,49729,Yes (Sept 4)
CJ's Excavating Inc,excavating,8450 E M 115,Cadillac,MI,49601,Yes (Sept 4)
Dunbar Excavating Inc,excavating,6950 Whaley Rd,Cadillac,MI,49601,Yes (Sept 4)
Benz Excavating,excavating,3521 E 24 Rd,Cadillac,MI,49601,Yes (Sept 4)
Mobley's Excavating LLC,excavating,2595 Seeley Rd,Cadillac,MI,49601,Yes (Sept 4)
Alpine Electric,electrical,1670 Barlow St,Traverse City,MI,49686,Yes (Sept 4)
Berg Electric,electrical,1375 Vic Way,Traverse City,MI,49696,Yes (Sept 4)
Brezin Electric Co,electrical,10600 Heather Ridge Rd,Traverse City,MI,49685,Yes (Sept 4)
Feyen Zylstra,electrical,2969 Keystone Rd N,Traverse City,MI,49686,Yes (Sept 4)
Top Line Electric LLC,electrical,5057 Sawyer Woods Dr,Traverse City,MI,49685,Yes (Sept 4)
D.E.MI Electric,electrical,821 Robinwood Ct Ste C,Traverse City,MI,49686,Yes (Sept 4)
TNT Electrical Systems Inc,electrical,1704 Keane Dr,Traverse City,MI,49696,Yes (Sept 4)
Mr. Electric of Traverse City,electrical,3583 Blue Water Rd,Traverse City,MI,49686,Yes (Sept 4)
Panoramic Electric,electrical,1238 S Garfield Ave,Traverse City,MI,49686,Yes (Sept 4)
Earl Hill Electric,electrical,803 Randolph St,Traverse City,MI,49684,Yes (Sept 4)
Bay Electric of Northern Michigan,electrical,PO Box 4044,Traverse City,MI,49685,Yes (Sept 4)
Davis Electric Inc,electrical,PO Box 908,Traverse City,MI,49685,Yes (Sept 4)
Isenhart Electric,electrical,861 Robinwood Ct,Traverse City,MI,49686,Yes (Sept 4)
Voltage Electric Inc,electrical,1606 Barlow St,Traverse City,MI,49686,Yes (Sept 4)
Featherstone Brothers Electric Inc,electrical,835 Lynch Dr,Traverse City,MI,49686,Yes (Sept 4)
Lempke Electric Inc,electrical,5866 Cedar Run Rd,Traverse City,MI,49684,Yes (Sept 4)
Highpoint Electric Inc,electrical,1426 Trade Centre Dr,Traverse City,MI,49696-8917,Yes (Sept 4)
Atkins Electric LLC,electrical,8399 W Jennings Rd,Lake City,MI,49651,Yes (Sept 4)
EJP Electric,electrical,8603 M 115,Cadillac,MI,49601,Yes (Sept 4)
Live Wire Electric,electrical,735 Holly Rd,Cadillac,MI,49601,Yes (Sept 4)
Soule Electric Co,electrical,11541 E 34 Rd,Cadillac,MI,49601,Yes (Sept 4)
Taylor Electric Service,electrical,9181 W Geers Rd,McBain,MI,49657,Yes (Sept 4)
Hark Electric,electrical,125 W Morgan St,Boyne City,MI,49712,Yes (Sept 4)
Ed's Electric Inc,electrical,339 State St,Boyne City,MI,49712,Yes (Sept 4)
Berg Well Drilling Inc,well drilling,3139 Keystone Rd N,Traverse City,MI,49686,Yes (Sept 4)
Great Lakes Well Repair,well drilling,12662 S West Bay Shore Dr,Traverse City,MI,49684,Yes (Sept 4)
GT Sweet Water Well Drilling,well drilling,1637 S M 37,Traverse City,MI,49685,Yes (Sept 4)
Kilinski Water Well LLC,well drilling,10822 Heather Ridge Rd,Traverse City,MI,49685,Yes (Sept 4)
B & Z Well Drilling Co,well drilling,233 E Kasson Rd,Maple City,MI,49664,Yes (Sept 4)
J R Harris Well Drilling,well drilling,2556 Fashion Ave,Interlochen,MI,49643,Yes (Sept 4)
Doyle Berg Well Drilling,well drilling,17482 Fogg Rd,Lake Ann,MI,49650,Yes (Sept 4)
Don Inman's Well Drilling,well drilling,4689 Betsie River Rd,Interlochen,MI,49643,Yes (Sept 4)
Bob's Well Drilling Inc,well drilling,11981 US Highway 31,Interlochen,MI,49643,Yes (Sept 4)
Shepler Well Drilling Inc,well drilling,11405 E M 42,Manton,MI,49663-9445,Yes (Sept 4)
Pearson Drilling Company,well drilling,6100 W Blue Rd,Lake City,MI,49651-8604,Yes (Sept 4)
Norman's Well Drilling Inc,well drilling,5376 E Wagner Rd,Lake City,MI,49651-9657,Yes (Sept 4)
GMC Water Wells,well drilling,6885 Maidens Rd,Bear Lake,MI,49614,Yes (Sept 4)
D & W Mechanical,plumbing,1266 Industry Dr Ste A,Traverse City,MI,49696-9359,Yes (Sept 4)
Precision Plumbing & Heating Systems,plumbing,3233 Cass Rd,Traverse City,MI,49684-8891,Yes (Sept 4)
Walters & Hemming LLC,plumbing,233 E Twelfth St,Traverse City,MI,49684-3215,Yes (Sept 4)
Grant Mechanical LLC,plumbing,1427 Woodmere Ave,Traverse City,MI,49686-4309,Yes (Sept 4)
Team Bob's Heating Cooling & Plumbing,plumbing,1797 Park Dr,Traverse City,MI,49686-4703,Yes (Sept 4)
Northern Plumbing & Heating LLC,plumbing,5419 S French Rd,Cedar,MI,49621-9602,Yes (Sept 4)
Kalkaska Plumbing and Heating Inc,plumbing,315 Maple St,Kalkaska,MI,49646-5101,Yes (Sept 4)
Waterscapes Unlimited Inc,irrigation,5100 US 31 S,Grawn,MI,49637,Yes (Sept 4)
Peaceful Valley Irrigation Inc,irrigation,2817 Sherwood Dr,Traverse City,MI,49686,Yes (Sept 4)
Northern Sprinkler Systems,irrigation,4104 Blair Townhall Rd,Traverse City,MI,49685,Yes (Sept 4)
Lautner Irrigation Inc,irrigation,727 W Front St,Traverse City,MI,49684,Yes (Sept 4)
Marlo Company Lawn Sprinkler Systems,irrigation,631 Cromwell Dr,Traverse City,MI,49686,Yes (Sept 4)
Ellibee Irrigation Inc,irrigation,1235 Londolyn Ter E,Traverse City,MI,49686,Yes (Sept 4)
Royal Irrigation,irrigation,713 Fern St,Traverse City,MI,49686,Yes (Sept 4)
Wells Irrigation Inc,irrigation,7213 Bunker Hill Rd,Williamsburg,MI,49690,Yes (Sept 4)
Lakeview Lawn & Snow LLC,landscape,9758 E Valley Hills Dr,Traverse City,MI,49684-9553,Yes (Sept 4)
Peninsula Pavers Inc,landscape,5791 Denali Dr,Traverse City,MI,49684-8451,Yes (Sept 4)
KP Landscaping Co,landscape,10384 W Shore Dr,Charlevoix,MI,49720,Yes (Sept 4)
Bigelow Exteriors,landscape,7403 E 34 Rd,Cadillac,MI,49601-7012,Yes (Sept 4)
Hutchinson Septic & Excavating,septic,4434 W Houghton Lake Rd,Lake City,MI,49651-8702,Yes (Sept 4)
Franke Septic Tank Service,septic,11894 Mackinaw Trl,Cadillac,MI,49601,Yes (Sept 4)
Brent's Home Restoration and New Construction,general contractor,6097 Herkner Rd,Traverse City,MI,49685-9074,Yes (Sept 4)
KC North LLC,general contractor,7677 Outer Dr S,Traverse City,MI,49685-8971,Yes (Sept 4)
Eastwood Custom Homes Inc,general contractor,848 US Highway 31 S,Traverse City,MI,49685-8716,Yes (Sept 4)
Chartrand Building & Design LLC,general contractor,9032 E Lincoln Rd,Cedar,MI,49621-8843,Yes (Sept 4)
Ayers Contracting LLC,general contractor,2275 Lake Ann Rd,Interlochen,MI,49643-9651,Yes (Sept 4)
Casey Edick Construction Inc,general contractor,8690 E Erdt Rd,Suttons Bay,MI,49682-9242,Yes (Sept 4)
Wanigan Corporation,general contractor,16195 Wanigan Dr,Elk Rapids,MI,49629-9320,Yes (Sept 4)
Todd Svec Builders,general contractor,11075 Wilson Rd,Buckley,MI,49620-9718,Yes (Sept 4)
Portland Building Co,general contractor,10715 Main St,Honor,MI,49640-9440,Yes (Sept 4)
Tall Cedars LLC,general contractor,6633 Bellaire Hwy,Bellaire,MI,49615-9610,Yes (Sept 4)
Whitaker Construction,general contractor,8812 Ellsworth Rd,East Jordan,MI,49727,Yes (Sept 4)
CBS Solar,solar,16880 Front St,Copemish,MI,49625,No
Peninsula Solar,solar,1090 E Traverse Lake Rd,Cedar,MI,49621,No
45th Property & Power LLC,solar,476 W Commerce Dr,Traverse City,MI,49685,No
Daylight Roofing & Solar,solar,816 Webster St,Traverse City,MI,49686,No
TKS Security,low voltage,3077 Garfield Rd N,Traverse City,MI,49686,No
EPS Security,low voltage,1117 Carver St,Traverse City,MI,49686,No
Anavon Technology Group,low voltage,1133 W South Airport Rd Ste A,Traverse City,MI,49686,No
FASTSIGNS of Traverse City,signs,1420 Trade Centre Dr,Traverse City,MI,49696,No
Signplicity Sign Systems Inc,signs,231 E 12th St,Traverse City,MI,49684,No
Nu-Art Signs,signs,322 E Welch Ct,Traverse City,MI,49686,No
Pro Image Design Inc,signs,331 S Airport Rd W,Traverse City,MI,49686,No
D & D Signs Inc,signs,2694 Garfield Rd N,Traverse City,MI,49686,No
Chain O' Lakes Electric LLC,electrical,114 Saunders Rd SE,Kalkaska,MI,49646,No
Millers Electric,electrical,8620 Kerry Rd,Manistee,MI,49660,No
Bishop Electric Inc,electrical,2645 Paul Rose Rd,Frankfort,MI,49635,No
Herzog Electric,electrical,8542 Mount McSauba Rd,Charlevoix,MI,49720,No
Distinct Electric Inc,electrical,9341 Lake Ann Rd,Traverse City,MI,49684,No
D Maddux Electric,electrical,511 Huff Rd,Wellston,MI,49689,No
Bulmann Dock & Lift,marina/dock,175 Magnet Dr,Boyne City,MI,49712,No
NorthShore Dock & Marine LLC,marina/dock,13948 Bluewater Dr,Kewadin,MI,49648,No
Pearsall Construction Inc,general contractor,14949 W Garfield Ave,Charlevoix,MI,49720,No
Leelanau Builders,general contractor,7600 E Rosie Dr,Suttons Bay,MI,49682,No
Mike Zimmerman Construction Inc,general contractor,11477 Zip Rd,Manistee,MI,49660,No
Wildcat Buildings,pole barn,656 R W Harris Industrial Dr,Manton,MI,49663,No
Zelinski Brothers Inc,pole barn,8122 Barney Rd,Traverse City,MI,49684,No
Wilhelm Landscapes,landscape,1757 M 72 NW,Kalkaska,MI,49646,No
Flaska Landscaping,landscape,3036 Bristol Rd,Traverse City,MI,49686,No
Quicklawn Hydroseeding,landscape,160 Simmons St,Cadillac,MI,49601,No
Grand Traverse Bay Fence,landscape,354 High Lake Rd,Traverse City,MI,49686,No
Durable Fence Co,landscape,7075 Orchard Dr,Traverse City,MI,49685,No
Poolside Inc,pool,3910 Rennie School Rd,Traverse City,MI,49685,No
Kal-Gas Propane,propane,988 W Mile Rd,Kalkaska,MI,49646,No
Boyne Country Propane,propane,1701 S M 75,Boyne City,MI,49712,No
Stevens Propane,propane,10900 N M 37,Buckley,MI,49620,No
Blarney Castle Oil & Propane,propane,12218 West St,Bear Lake,MI,49614,No
Coyne Oil & Propane,propane,4986 M 115,Cadillac,MI,49601,No
Crystal Flash,propane,5051 M 115,Cadillac,MI,49601,No
Holton's LP Gas Co,propane,3922 S Morey Rd,Lake City,MI,49651,No
GeoFurnace Heating & Cooling,hvac,886 US Highway 31 S,Traverse City,MI,49685,No
Wilder Heating and Cooling,hvac,845 N Mitchell St,Cadillac,MI,49601,No
Orin's Well Drilling,well drilling,7096 Alden Hwy,Bellaire,MI,49615,No
Bingham Well Drilling,well drilling,3643 Hejhal Rd,East Jordan,MI,49727,No
Edward Benson Well Drilling,well drilling,14645 Kangas Rd,Kaleva,MI,49645,No
Mike's Well Service,well drilling,268 N Tippy Dam Rd,Wellston,MI,49689,No
Carpenter Excavating and Well Drilling,well drilling,20604 Doneth Rd,Copemish,MI,49625,No
E H Niepoth & Sons Plumbing & Heating,plumbing,6805 Bellaire Hwy Ste B,Bellaire,MI,49615,No
"D & M Service Plumbing, Heating & Cooling",plumbing,550 N M 88 Hwy,Bellaire,MI,49615,No
Manistee Plumbing,plumbing,79 Poplar St,Manistee,MI,49660,No
Moore Mechanical,hvac,1622 Northern Star Dr,Traverse City,MI,49696,No
Calhoun Excavating,excavating,846 N Mill St,Northport,MI,49670,No
E&T Excavating,excavating,1354 Hlavka Rd,Maple City,MI,49664,No
Earth Works Excavation,excavating,8262 Hoxie Rd,Cedar,MI,49621,No
Fredrickson Service,excavating,10250 N Foxview Dr,Northport,MI,49670,No
Kalena Excavation,excavating,6600 S Maple City Rd,Maple City,MI,49664,No
Kasson Contracting Inc,excavating,11463 S Newman Rd,Maple City,MI,49664,No
Lake Leelanau Excavating Co,excavating,222 W Main St,Lake Leelanau,MI,49653,No
Little Finger Excavating,excavating,14877 E Woolsey Lake Rd,Northport,MI,49670,No
Ooley Enterprise & Excavating,excavating,11066 S Plowman Rd,Empire,MI,49630,No
Peninsula Excavating,excavating,1460 N Eagle Hwy,Lake Leelanau,MI,49653,No
Stanz Dozer Service,excavating,8857 S Dunns Farm Rd,Maple City,MI,49664,No
Weber Excavating,excavating,2155 E Kasson Rd,Cedar,MI,49621,No
AJ's Excavating,excavating,9777 Honor Hwy,Honor,MI,49640,No
Bill's Dirt Works,excavating,19825 Lindy Rd,Thompsonville,MI,49683,No
Bonney Brothers Excavating,excavating,8730 Worden Rd,Beulah,MI,49617,No
Crystal Service Excavating,excavating,11612 Fowler Rd,Honor,MI,49640,No
Gray's Excavating Inc,excavating,19120 Birch View Trail,Lake Ann,MI,49650,No
Honor Excavating Inc,excavating,1270 N Haze Rd,Beulah,MI,49617,No
Kerby's Backhoe Service,excavating,25 S Marshall St,Beulah,MI,49617,No
Roper Excavating,excavating,15975 Spear Rd,Lake Ann,MI,49650,No
Raymer's Septic & Excavating,septic,8779 E 18 1/2 Rd,Manton,MI,49663,No
Bigelow Excavating,excavating,5182 E 10 Rd,Manton,MI,49663,No
Bodrie Trenching Inc,trenching,4802 N 7 Rd,Mesick,MI,49668,No
R D Kellogg Excavating,excavating,6571 W County Line Rd,Buckley,MI,49620,No
Casey's Excavation,excavating,10777 Karlin Rd,Buckley,MI,49620,No
Forbes Sanitation & Excavation Inc,septic,1878 E Parkdale Ave,Manistee,MI,49660,No
McBride Septic Systems & Excavating,septic,6959 Clinton St,Bear Lake,MI,49614,No
Carl's Excavating Inc,excavating,2735 Wildwood Rd,Manistee,MI,49660,No
Swidorski Brothers Excavating,excavating,4786 Red Apple Rd,Manistee,MI,49660,No
Randall Excavating,excavating,10886 11 Mile Rd,Bear Lake,MI,49614,No
Lyman Excavating,excavating,5655 Leckrone Rd,Brethren,MI,49619,No
Bruce's Earthworks LLC,excavating,1225 Eckhardt Rd,Bellaire,MI,49615,No
Giar Excavating,excavating,2655 Montgomery Rd,Bellaire,MI,49615,No
E & K Septic and Excavating LLC,septic,2663 Doerr Rd,Mancelona,MI,49659,No
C & K Inc,septic,2875 Doerr Rd,Mancelona,MI,49659,No
Steuer Excavating Inc,septic,6725 Birch Lake Rd,Kewadin,MI,49648,No
Davison Excavating,excavating,8832 Chapman Rd,Alden,MI,49612,No
EFS Building Services Inc,septic,224 M 72 E Unit 1,Kalkaska,MI,49646,No
A-Cunningham Septic Service,septic,539 S Cedar St,Kalkaska,MI,49646,No
Nicklyn Construction & Excavating,excavating,701 M 72 SE,Kalkaska,MI,49646,No
Wesley Morey Excavating,excavating,199 Lodi Ln SE,Kalkaska,MI,49646,No
Sieting Construction,excavating,3947 US Highway 131 NE,Kalkaska,MI,49646,No
Ralph's Excavating,excavating,7560 Rapid City Rd NW,Rapid City,MI,49676,No
Kinery Excavating,excavating,12374 Miller Rd,Rapid City,MI,49676,No
Burkholder Construction Co,general contractor,2206 Cass Rd,Traverse City,MI,49684,No
Widing Custom Homes,general contractor,934 S Garfield Ave Ste B,Traverse City,MI,49686,No
Kevin Hall Builder Inc,general contractor,4815 Arbor Grove Dr,Traverse City,MI,49684,No
Socks Construction,general contractor,607 Randolph St Ste 101,Traverse City,MI,49684,No
KA Construction of Northern Michigan,general contractor,407 Alice Ln,Traverse City,MI,49685,No
MAC Custom Homes,general contractor,3434 Veterans Dr,Traverse City,MI,49684,No
Archer Contracting,general contractor,857 Duell Rd,Traverse City,MI,49686,No
Steinorth Fine Homes,general contractor,1013 Webster St,Traverse City,MI,49686,No
Paul W Maurer General Contracting Inc,general contractor,10167 E Cherry Bend Rd,Traverse City,MI,49684,No
Cherry Home Builders,general contractor,9055 E Strang Rd,Traverse City,MI,49684,No
Peninsula Construction & Design,general contractor,1125 Business Park Dr,Traverse City,MI,49686,No
David Webster Construction,general contractor,6868 Williamsburg Creek Trl,Williamsburg,MI,49690,No
Northland Signature Homes,general contractor,6100 US Highway 31 N,Williamsburg,MI,49690,No
Mapleridge Construction,general contractor,5152 US Highway 31 N,Williamsburg,MI,49690,No
Easling Construction Co,general contractor,5711 N Manitou Trl W,Leland,MI,49654,No
Haenlein Builders,general contractor,214 S Elm St,Suttons Bay,MI,49682,No
Dale Boone Construction,general contractor,1915 S Norvick Rd,Suttons Bay,MI,49682,No
Boutique Builders LLC,general contractor,9507 E Shady Ln,Suttons Bay,MI,49682,No
Lord & Lady Construction LLC,general contractor,701 S Plum Ln,Northport,MI,49670,No
Midlake Builders,general contractor,112 E 4th St,Elk Rapids,MI,49629,No
Porter Builders,general contractor,7401 Cherry Ave,Kewadin,MI,49648,No
Pleasant Valley Custom Homes LLC,general contractor,106 Depot St,Bellaire,MI,49615,No
Northwest Builders Inc,general contractor,5974 Cottage Dr,Bellaire,MI,49615,No
Northwestern Builders LLC,general contractor,1427 Wagonwheel Rd NE,Kalkaska,MI,49646,No
Larson Construction Group,general contractor,277 Seeley Rd NE,Kalkaska,MI,49646,No
Builders North Inc,general contractor,1005 May St,Charlevoix,MI,49720,No
Way Building Contractors,general contractor,05768 Barnard Rd,Charlevoix,MI,49720,No
Matthew Shindorf Construction,general contractor,212 W Upright St,Charlevoix,MI,49720,No
Conquest Builders Inc,general contractor,12970 Robins Ridge Rd,Charlevoix,MI,49720,No
Site Planning Development Inc,site work,12608 Taylor Rd,Charlevoix,MI,49720,No
South Arm Construction LLC,general contractor,117 S Lake St,East Jordan,MI,49727,No
Black Birch Design + Build LLC,general contractor,913 Water St,East Jordan,MI,49727,No
Bartholomew Construction LLC,general contractor,4460 Sloop Rd,East Jordan,MI,49727,No
Hogan Construction,general contractor,5480 6 Mile Lake Rd,East Jordan,MI,49727,No
W.B. Builders Inc,general contractor,108 Water St,Boyne City,MI,49712,No
Wright Building and Design,general contractor,216 Ray St,Boyne City,MI,49712,No
Legacy Construction Services,general contractor,220 S East St,Boyne City,MI,49712,No
Jack McGee Builders,general contractor,4330 W Houghton Lake Rd,Lake City,MI,49651,No
Baas Construction Inc,general contractor,6506 W Kelly Rd,Lake City,MI,49651,No
Castles & Cabins Inc,general contractor,7051 N 7 Mile Rd,Lake City,MI,49651,No
Meyering Construction Co,general contractor,3975 W Falmouth Rd,McBain,MI,49657,No
Don Blue Construction,general contractor,873 W Falmouth Rd,McBain,MI,49657,No
Terry Koetje Builder LLC,general contractor,8182 S Forward Rd,McBain,MI,49657,No
Arrow Homes,general contractor,6815 E Houghton Lake Rd,Merritt,MI,49667,No
Richland Enterprises Inc,pole barn,8850 W Meyering Rd,McBain,MI,49657,No
Boonstra Construction Co,pole barn,1841 E Stoney Corners Rd,McBain,MI,49657,No
Northern Michigan Pole Barn Builders by Tandy Builders,pole barn,6520 Chippewa Hwy,Manistee,MI,49660,No
Durant Plumbing & Heating Inc,plumbing,7470 E M 115,Cadillac,MI,49601,No
Able Heating & Cooling,hvac,231 Simmons St,Cadillac,MI,49601,No
Cornwell Mechanical,plumbing,1819 US Highway 131 S,Cadillac,MI,49601,No
Hicks Plumbing & Heating,plumbing,6776 N 41 Rd,Manton,MI,49663,No
Crawford Plumbing,plumbing,6401 W Jennings Rd,Lake City,MI,49651,No
Haggard's Plumbing & Heating,plumbing,6238 US Highway 31 S,Charlevoix,MI,49720,No
Wojan Plumbing & Heating Inc,plumbing,6461 US Highway 31 S,Charlevoix,MI,49720,No
Clear Water Plumbing & Heating,plumbing,4909 Loeb Rd,Charlevoix,MI,49720,No
Bingham Plumbing & Heating,plumbing,5429 Camp Daggett Rd,Boyne City,MI,49712,No
Drenth Plumbing & Heating,plumbing,6721 Church Rd,Central Lake,MI,49622,No
Northlake Mechanical,plumbing,237 River St,Manistee,MI,49660,No
Frankfort Plumbing & Heating,plumbing,1218 Elm St,Frankfort,MI,49635,No
Torch Plumbing,plumbing,7566 Rapid City Rd NW,Rapid City,MI,49676,No
Hurst Mechanical,hvac,885 Robinwood Ct,Traverse City,MI,49686,No
Advantage Electric,electrical,2238 Traversefield Dr,Traverse City,MI,49686,No
Adams Commercial Electric Inc,electrical,1645 Pincherry Rd,Traverse City,MI,49696,No
Huron Electric,electrical,103 1st St,Elk Rapids,MI,49629,No
Shoreline Power Services,electrical,6724 E Railway Cmn,Williamsburg,MI,49690,No
Great Lakes Power Generation LLC,generator,109 Bridge St,Elk Rapids,MI,49629,No
North Country Power Generation,generator,7122 Rapid City Rd NW,Rapid City,MI,49676,No
Torch Valley Electric,electrical,4514 Brockmier Rd NW,Rapid City,MI,49676,No
Cunningham Electric Inc,electrical,851 S Commerce Dr,Kalkaska,MI,49646,No
Simpson Electric Inc,electrical,3043 Barnard Rd,Charlevoix,MI,49720,No
Sky Electric of North Michigan,electrical,720 Water St,East Jordan,MI,49727,No
VDC Electric,electrical,3341 Griffin Rd,Boyne City,MI,49712,No
Spinniken Lawn & Irrigation,irrigation,6730 E Alpers Rd,Lake Leelanau,MI,49653,No
Ground Level Landscaping & Irrigation,irrigation,10550 S Walnut Dr,Traverse City,MI,49684,No
JP Landscape & Irrigation,irrigation,3767 S Airport Rd W,Traverse City,MI,49684,No
TruNorth Landscaping,landscape,9355 E Bingham Rd,Traverse City,MI,49684,No
Perfect Fence Company,fence,4156 S M 37,Grawn,MI,49637,No
Compass Fencing Co,fence,4626 S Center Hwy,Suttons Bay,MI,49682,No
Invisible Fence of Northern Michigan,fence,3501 Kirkland Ct,Williamsburg,MI,49690,No
Hidden Dog Fence of Northern Michigan,fence,1256 Fairwood Dr,Traverse City,MI,49696,No
Alpers Excavating Inc,septic,16 N West Silver Lake Rd,Traverse City,MI,49685,No
Gmoser Septic Service,septic,8674 Cairn Hwy,Elk Rapids,MI,49629,No
Savage Septic,septic,1490 Alden Hwy,Mancelona,MI,49659,No
Boardman Valley Construction,septic,5487 Mill St SW,South Boardman,MI,49680,No
Molon Excavating Inc,site work,125 Buckshot Dr,Traverse City,MI,49685,No
Brayton & Sons Excavating,excavating,8440 N Long Lake Rd,Traverse City,MI,49685,No
Martin Land Improvement Inc,site work,11462 US 31 S,Elk Rapids,MI,49629,No
K-Wall Poured Walls,concrete,3773 Rennie School Rd,Traverse City,MI,49685,No
Pete's Custom Concrete,concrete,12214 S West Bay Shore Dr,Traverse City,MI,49684,No
Concrete Central,concrete,2200 Cass Rd,Traverse City,MI,49684,No
John Kenney Concrete & Masonry,concrete,4990 Sloop Rd,East Jordan,MI,49727,No
